Timestamp,  Consent & Instructions  ,"Age (number only, e.g., 18)",Gender,Year of Study,Branch,Usual sleeping time,Usual Wake-up Time,Cleanliness Level,Study Environment Preferences,Guest/Friends Frequency,Smoking Habit,Drinking Habit,  Is this your first time living in a hostel?  ,Room Temperature Preference,Study hours per day,Room Organization Style,"Noise Tolerance ( 1-5)
(1 = Cannot tolerate noise, 5 = Very tolerant) ",I am introverted.,I get irritated easily.,  I respect others’ personal space.  ,  I prefer fixed routines.  ,  I am comfortable sharing belongings.  ,Preferred roommate sleep type,  I prefer my roommate to:  ,Cleanliness expectation from roommates,"  When conflicts arise, I usually:  ",Light Preference at Night,  Do you use loud alarms in the morning?  ,"  Are you active late at night (calls, laptop, etc.)?  ",  Which factor matters most to you when selecting a roommate?  ,Email Address,"1 – Strongly disagree
5 – Strongly agree [Row 1]"
2/24/2026 13:33:57,I consent to my anonymized responses being used for academic research and machine learning-based roommate matching.,21,Male,3,CSE,10 pm to 12 am,6-8 am,Moderately Clean,Complete Silence,Occasionally,No,No,Yes,Moderate,0-2,Flexible,3,3,2,5,4,4,Does not matter,Be very interactive,Moderate,Talk directly and resolve,"Yes , complete darkness",Yes,Rarely,Personality,,
2/24/2026 14:38:21,I consent to my anonymized responses being used for academic research and machine learning-based roommate matching.,19,Male,1,AIML,12 am to 2 am,8-10 am,Moderately Clean,Music While Studying,Occasionally,No,No,No,Cold,0-2,Semi Organized,3,2,3,4,2,3,Late Sleeper,Be moderately social,Moderate,Talk directly and resolve,"Yes , complete darkness",Yes,Yes,Personality,,
2/24/2026 14:43:45,I consent to my anonymized responses being used for academic research and machine learning-based roommate matching.,19,Male,2,CSE,After 2 am,6-8 am,Moderately Clean,Light Background Noise,Occasionally,No,No,No,Moderate,4-6,Flexible,3,4,2,5,3,5,Late Sleeper,Respect space mostly,Does not matter,Talk directly and resolve,Dim light is fine,Occasionally,Yes,Study habits,,
2/24/2026 14:44:43,I consent to my anonymized responses being used for academic research and machine learning-based roommate matching.,19,Female,2,RNA,After 2 am,8-10 am,Very Clean,Music While Studying,Weekly,No,Occasionally,No,Cold,0-2,Highly Organized,3,2,4,5,3,3,Does not matter,Respect space mostly,Very Clean,Get irritated but stay silent,"Yes , complete darkness",No,Rarely,Personality,,
2/24/2026 15:03:38,I consent to my anonymized responses being used for academic research and machine learning-based roommate matching.,19,Male,1,AIML,12 am to 2 am,6-8 am,Moderately Clean,Light Background Noise,Weekly,No,No,Yes,Moderate,2-4,Highly Organized,3,3,3,3,4,3,Early Sleeper,Be moderately social,Moderate,Talk directly and resolve,"Yes , complete darkness",Yes,Yes,Personality,,
2/24/2026 15:04:13,I consent to my anonymized responses being used for academic research and machine learning-based roommate matching.,19,Female,1,AIML,Before 10 pm,Before 6 am,Moderately Clean,Complete Silence,Weekly,No,No,,Moderate,2-4,Highly Organized,2,4,3,5,3,2,Early Sleeper,Be moderately social,Moderate,Talk directly and resolve,"Yes , complete darkness",No,Rarely,Personality,,
2/24/2026 16:45:12,I consent to my anonymized responses being used for academic research and machine learning-based roommate matching.,18,Male,1,CSE,10 pm to 12 am,Before 6 am,Moderately Clean,Light Background Noise,Occasionally,No,No,Yes,Moderate,0-2,Semi Organized,3,3,2,4,4,4,Does not matter,Be moderately social,Moderate,Talk directly and resolve,Dim light is fine,Yes,Rarely,Cleanliness,,
2/24/2026 22:28:17,I consent to my anonymized responses being used for academic research and machine learning-based roommate matching.,18,Male,1,AIML,After 2 am,8-10 am,Moderately Clean,Music While Studying,Frequently,No,Occasionally,Yes,Moderate,0-2,Flexible,4,3,1,5,4,4,Late Sleeper,Be very interactive,Very Clean,Seek third-person help,Dim light is fine,Occasionally,Yes,Personality,,
2/24/2026 22:31:14,I consent to my anonymized responses being used for academic research and machine learning-based roommate matching.,19,Male,1,RNA,After 2 am,6-8 am,Moderately Clean,Music While Studying,Frequently,No,No,Yes,Moderate,0-2,Semi Organized,3,3,3,4,3,4,Does not matter,Be moderately social,Moderate,Get irritated but stay silent,Doesn’t matter,Occasionally,Yes,Cleanliness,,
2/24/2026 22:31:54,I consent to my anonymized responses being used for academic research and machine learning-based roommate matching.,19,Female,1,AIML,12 am to 2 am,6-8 am,Moderately Clean,Does not matter,Rarely,Occasionally,Occasionally,Yes,Moderate,0-2,Flexible,3,3,3,1,5,3,Does not matter,Respect space mostly,Moderate,Talk directly and resolve,Dim light is fine,No,Yes,Personality,,
2/24/2026 22:52:47,I consent to my anonymized responses being used for academic research and machine learning-based roommate matching.,18,Male,1,RNA,12 am to 2 am,6-8 am,Very Clean,Complete Silence,Frequently,No,No,Yes,Moderate,4-6,Semi Organized,2,4,2,5,5,4,Does not matter,Be very interactive,Very Clean,Talk directly and resolve,Doesn’t matter,Yes,Yes,Study habits,,
2/24/2026 23:04:33,I consent to my anonymized responses being used for academic research and machine learning-based roommate matching.,19,Male,2,CSE,12 am to 2 am,6-8 am,Moderately Clean,Light Background Noise,Frequently,No,No,Yes,Moderate,0-2,Flexible,3,4,1,5,5,4,Does not matter,Respect space mostly,Moderate,Talk directly and resolve,"Yes , complete darkness",Yes,Yes,Personality,,
2/24/2026 23:07:17,I consent to my anonymized responses being used for academic research and machine learning-based roommate matching.,19,Male,1,CSE,12 am to 2 am,8-10 am,Moderately Clean,Music While Studying,Rarely,No,No,Yes,Cold,2-4,Flexible,4,3,5,4,5,1,Late Sleeper,Respect space mostly,Moderate,Get irritated but stay silent,Doesn’t matter,Occasionally,Yes,"Lifestyle Habits ( Smoking, Drinking, Guests, etc.)",,
2/24/2026 23:09:11,I consent to my anonymized responses being used for academic research and machine learning-based roommate matching.,19,Male,1,CSE,12 am to 2 am,6-8 am,Average,Light Background Noise,Occasionally,No,No,Yes,Moderate,0-2,Semi Organized,3,4,3,5,4,3,Late Sleeper,Be moderately social,Very Clean,Get irritated but stay silent,"Yes , complete darkness",Yes,Rarely,Cleanliness,,
2/25/2026 12:50:37,I consent to my anonymized responses being used for academic research and machine learning-based roommate matching.,20,Male,3,CSE,After 2 am,8-10 am,Very Clean,Light Background Noise,Frequently,No,No,Yes,Cold,2-4,Highly Organized,3,4,3,4,4,4,Does not matter,Be very interactive,Very Clean,Talk directly and resolve,Dim light is fine,Yes,Yes,Personality,,
2/25/2026 12:51:11,I consent to my anonymized responses being used for academic research and machine learning-based roommate matching.,20,Male,3,CSE,After 2 am,8-10 am,Very Clean,Light Background Noise,Occasionally,No,No,No,Cold,6+,Highly Organized,3,1,3,3,4,3,Late Sleeper,Be moderately social,Very Clean,Talk directly and resolve,"Yes , complete darkness",No,Yes,Study habits,,
2/25/2026 12:51:27,I consent to my anonymized responses being used for academic research and machine learning-based roommate matching.,20,Female,3,CSE,12 am to 2 am,8-10 am,Moderately Clean,Complete Silence,Rarely,No,No,No,Cold,0-2,Flexible,4,1,2,5,4,4,Early Sleeper,Be moderately social,Moderate,Talk directly and resolve,Dim light is fine,Yes,Yes,"Lifestyle Habits ( Smoking, Drinking, Guests, etc.)",,
2/25/2026 12:53:26,I consent to my anonymized responses being used for academic research and machine learning-based roommate matching.,20,Male,3,CSE,12 am to 2 am,8-10 am,Average,Light Background Noise,Occasionally,No,No,Yes,Moderate,2-4,Random,3,2,3,5,3,3,Late Sleeper,Respect space mostly,Moderate,Talk directly and resolve,"Yes , complete darkness",Yes,Yes,"Lifestyle Habits ( Smoking, Drinking, Guests, etc.)",,
2/25/2026 12:54:51,I consent to my anonymized responses being used for academic research and machine learning-based roommate matching.,20,Male,3,CSE,12 am to 2 am,8-10 am,Moderately Clean,Music While Studying,Rarely,No,No,No,Moderate,0-2,Semi Organized,3,5,4,5,1,4,Does not matter,Be moderately social,Very Clean,Talk directly and resolve,Dim light is fine,Occasionally,Yes,Personality,,
2/25/2026 12:58:04,I consent to my anonymized responses being used for academic research and machine learning-based roommate matching.,21,Female,3,CSE,12 am to 2 am,6-8 am,Moderately Clean,Complete Silence,Weekly,No,No,No,Moderate,2-4,Highly Organized,3,4,2,5,3,5,Does not matter,Be very interactive,Moderate,Talk directly and resolve,"Yes , complete darkness",Yes,Yes,Personality,,
2/25/2026 12:58:53,I consent to my anonymized responses being used for academic research and machine learning-based roommate matching.,22,Male,4,CSE,10 pm to 12 am,6-8 am,Moderately Clean,Light Background Noise,Occasionally,No,No,No,Moderate,6+,Flexible,2,1,1,5,4,4,Does not matter,Be moderately social,Moderate,Get irritated but stay silent,"Yes , complete darkness",No,No,Personality,,
2/25/2026 13:00:11,I consent to my anonymized responses being used for academic research and machine learning-based roommate matching.,21,Male,4,CSE,After 2 am,After 10 am,Moderately Clean,Complete Silence,Rarely,No,No,No,Cold,2-4,Semi Organized,3,3,3,4,4,5,Late Sleeper,Be moderately social,Moderate,Talk directly and resolve,"Yes , complete darkness",Occasionally,Yes,Personality,,
2/25/2026 13:01:05,I consent to my anonymized responses being used for academic research and machine learning-based roommate matching.,21,Female,3,CSE,12 am to 2 am,6-8 am,Moderately Clean,Does not matter,Rarely,No,No,No,Cold,2-4,Semi Organized,3,3,3,5,5,5,Does not matter,Be moderately social,Moderate,Talk directly and resolve,"Yes , complete darkness",Occasionally,Rarely,"Lifestyle Habits ( Smoking, Drinking, Guests, etc.)",,
2/25/2026 13:01:55,I consent to my anonymized responses being used for academic research and machine learning-based roommate matching.,18,Female,1,RNA,12 am to 2 am,6-8 am,Moderately Clean,Complete Silence,Rarely,No,No,Yes,Moderate,4-6,Semi Organized,2,3,4,1,2,2,Late Sleeper,Be very interactive,Moderate,Avoid confrontation,Dim light is fine,Yes,Yes,Sleep Schedule,,
2/25/2026 13:08:38,I consent to my anonymized responses being used for academic research and machine learning-based roommate matching.,20,Female,3,CSE,12 am to 2 am,6-8 am,Moderately Clean,Complete Silence,Rarely,No,No,No,Moderate,2-4,Semi Organized,1,2,1,1,3,2,Late Sleeper,Be very interactive,Moderate,Talk directly and resolve,Dim light is fine,No,Yes,Personality,,
2/25/2026 13:12:42,I consent to my anonymized responses being used for academic research and machine learning-based roommate matching.,20,Male,1,RNA,10 pm to 12 am,6-8 am,Moderately Clean,Does not matter,Frequently,No,No,Yes,Moderate,0-2,Semi Organized,4,1,1,1,3,3,Does not matter,Respect space mostly,Moderate,Talk directly and resolve,Doesn’t matter,Yes,No,"Lifestyle Habits ( Smoking, Drinking, Guests, etc.)",,
2/25/2026 13:13:22,I consent to my anonymized responses being used for academic research and machine learning-based roommate matching.,20,Female,3,CSE,12 am to 2 am,6-8 am,Moderately Clean,Light Background Noise,Rarely,No,No,No,Moderate,2-4,Highly Organized,3,3,2,4,3,4,Late Sleeper,Be moderately social,Moderate,Avoid confrontation,Dim light is fine,Yes,Yes,Cleanliness,,
2/25/2026 13:14:19,I consent to my anonymized responses being used for academic research and machine learning-based roommate matching.,19,Male,1,RNA,12 am to 2 am,6-8 am,Moderately Clean,Complete Silence,Weekly,No,No,Yes,Moderate,2-4,Flexible,2,1,3,3,3,3,Does not matter,Be moderately social,Moderate,Talk directly and resolve,Doesn’t matter,No,Rarely,Study habits,,
2/25/2026 13:14:27,I consent to my anonymized responses being used for academic research and machine learning-based roommate matching.,20,Male,3,CSE,10 pm to 12 am,Before 6 am,Very Clean,Complete Silence,Occasionally,No,No,No,Cold,4-6,Random,3,1,3,5,3,3,Does not matter,Be moderately social,Very Clean,Talk directly and resolve,Dim light is fine,Occasionally,Yes,Personality,,
2/25/2026 13:25:26,I consent to my anonymized responses being used for academic research and machine learning-based roommate matching.,21,Male,3,CSE,12 am to 2 am,6-8 am,Moderately Clean,Music While Studying,Frequently,Occasionally,Occasionally,No,Moderate,2-4,Semi Organized,3,3,3,4,4,4,Does not matter,Be moderately social,Moderate,Talk directly and resolve,Dim light is fine,No,Rarely,Personality,,
2/25/2026 13:26:04,I consent to my anonymized responses being used for academic research and machine learning-based roommate matching.,18,Female,1,RNA,10 pm to 12 am,6-8 am,Very Clean,Complete Silence,Weekly,No,No,Yes,Moderate,2-4,Highly Organized,1,3,3,5,5,4,Early Sleeper,Be moderately social,Very Clean,Talk directly and resolve,"Yes , complete darkness",No,No,Sleep Schedule,,
2/25/2026 13:28:14,I consent to my anonymized responses being used for academic research and machine learning-based roommate matching.,21,Male,4,CSE,After 2 am,8-10 am,Moderately Clean,Complete Silence,Weekly,No,No,Yes,Cold,0-2,Flexible,3,2,5,4,1,4,Late Sleeper,Be very interactive,Moderate,Talk directly and resolve,Doesn’t matter,Occasionally,Yes,Personality,,
2/25/2026 13:33:29,I consent to my anonymized responses being used for academic research and machine learning-based roommate matching.,18,Male,1,CSE,12 am to 2 am,6-8 am,Moderately Clean,Complete Silence,Frequently,No,No,No,Moderate,2-4,Highly Organized,1,1,5,4,5,5,Does not matter,Be very interactive,Moderate,Get irritated but stay silent,Dim light is fine,No,Yes,Personality,,
2/25/2026 13:33:38,I consent to my anonymized responses being used for academic research and machine learning-based roommate matching.,20,Male,3,CSE,12 am to 2 am,6-8 am,Very Clean,Complete Silence,Rarely,No,No,Yes,Moderate,2-4,Highly Organized,1,5,1,1,1,1,Does not matter,Be moderately social,Very Clean,Talk directly and resolve,Dim light is fine,No,Yes,"Lifestyle Habits ( Smoking, Drinking, Guests, etc.)",,
2/25/2026 13:33:51,I consent to my anonymized responses being used for academic research and machine learning-based roommate matching.,19,Female,1,RNA,12 am to 2 am,6-8 am,Moderately Clean,Music While Studying,Occasionally,No,No,No,Moderate,0-2,Semi Organized,3,1,3,5,1,1,Does not matter,Be very interactive,Moderate,Get irritated but stay silent,Doesn’t matter,No,Rarely,Sleep Schedule,,
2/25/2026 13:35:10,I consent to my anonymized responses being used for academic research and machine learning-based roommate matching.,21,Male,3,CSE,10 pm to 12 am,6-8 am,Very Clean,Complete Silence,Weekly,No,No,No,Moderate,2-4,Flexible,3,5,4,1,1,1,Late Sleeper,Be very interactive,Very Clean,Avoid confrontation,"Yes , complete darkness",No,Yes,Cleanliness,,
2/25/2026 13:35:18,I consent to my anonymized responses being used for academic research and machine learning-based roommate matching.,18,Male,1,RNA,12 am to 2 am,6-8 am,Moderately Clean,Light Background Noise,Frequently,No,No,No,Moderate,0-2,Semi Organized,4,1,5,5,3,3,Does not matter,Respect space mostly,Moderate,Talk directly and resolve,Doesn’t matter,Yes,Yes,Cleanliness,,
2/25/2026 13:43:07,I consent to my anonymized responses being used for academic research and machine learning-based roommate matching.,18,Female,1,MECHANICAL,12 am to 2 am,8-10 am,Messy,Does not matter,Occasionally,Occasionally,Occasionally,Yes,Moderate,4-6,Flexible,3,3,2,4,4,4,Late Sleeper,Be moderately social,Does not matter,Talk directly and resolve,Dim light is fine,No,Rarely,Personality,,
2/25/2026 13:43:34,I consent to my anonymized responses being used for academic research and machine learning-based roommate matching.,21,Male,4,CSE,12 am to 2 am,6-8 am,Moderately Clean,Complete Silence,Rarely,No,No,Yes,Moderate,6+,Semi Organized,3,3,5,5,4,3,Does not matter,Be moderately social,Moderate,Avoid confrontation,Doesn’t matter,Yes,No,Cleanliness,,
2/25/2026 13:54:46,I consent to my anonymized responses being used for academic research and machine learning-based roommate matching.,18,Female,1,MECHANICAL,12 am to 2 am,8-10 am,Moderately Clean,Complete Silence,Weekly,No,No,No,Cold,0-2,Semi Organized,3,3,3,5,4,3,Does not matter,Respect space mostly,Moderate,Avoid confrontation,Dim light is fine,No,Yes,Cleanliness,,
2/25/2026 14:20:32,I consent to my anonymized responses being used for academic research and machine learning-based roommate matching.,20,Female,2,CSE,10 pm to 12 am,6-8 am,Moderately Clean,Complete Silence,Occasionally,No,No,Yes,Moderate,4-6,Highly Organized,1,3,2,5,5,3,Does not matter,Respect space mostly,Very Clean,Avoid confrontation,Doesn’t matter,Yes,Rarely,"Lifestyle Habits ( Smoking, Drinking, Guests, etc.)",,
2/25/2026 14:20:40,I consent to my anonymized responses being used for academic research and machine learning-based roommate matching.,21,Male,3,CSE,10 pm to 12 am,6-8 am,Moderately Clean,Light Background Noise,Occasionally,No,No,No,Cold,0-2,Highly Organized,4,5,1,5,5,4,Early Sleeper,Minimal interaction,Very Clean,Avoid confrontation,Dim light is fine,No,No,Personality,,
2/25/2026 14:24:06,I consent to my anonymized responses being used for academic research and machine learning-based roommate matching.,19,Male,2,CSE,10 pm to 12 am,6-8 am,Moderately Clean,Complete Silence,Rarely,No,No,Yes,Moderate,2-4,Highly Organized,2,3,2,5,5,3,Does not matter,Be moderately social,Moderate,Talk directly and resolve,Dim light is fine,Yes,Rarely,Personality,,
2/25/2026 14:26:30,I consent to my anonymized responses being used for academic research and machine learning-based roommate matching.,21,Male,3,CSE,12 am to 2 am,8-10 am,Moderately Clean,Light Background Noise,Rarely,No,No,No,Moderate,2-4,Semi Organized,3,4,4,4,4,4,Early Sleeper,Respect space mostly,Moderate,Get irritated but stay silent,Dim light is fine,Yes,Yes,"Lifestyle Habits ( Smoking, Drinking, Guests, etc.)",,
2/25/2026 14:27:27,I consent to my anonymized responses being used for academic research and machine learning-based roommate matching.,20,Male,3,CSE,10 pm to 12 am,6-8 am,Moderately Clean,Light Background Noise,Weekly,No,No,No,Cold,4-6,Semi Organized,3,1,3,4,3,2,Late Sleeper,Be very interactive,Moderate,Talk directly and resolve,"Yes , complete darkness",Occasionally,Rarely,Personality,,
2/25/2026 14:59:30,I consent to my anonymized responses being used for academic research and machine learning-based roommate matching.,21,Male,3,CSE,10 pm to 12 am,6-8 am,Moderately Clean,Complete Silence,Weekly,No,No,No,Moderate,4-6,Flexible,3,2,4,4,5,4,Early Sleeper,Be very interactive,Moderate,Talk directly and resolve,"Yes , complete darkness",Yes,No,Sleep Schedule,,
2/25/2026 15:01:42,I consent to my anonymized responses being used for academic research and machine learning-based roommate matching.,20,Male,2,CSE,After 2 am,After 10 am,Moderately Clean,Does not matter,Occasionally,No,Occasionally,,Cold,0-2,Semi Organized,4,1,3,1,2,4,Does not matter,Be moderately social,Does not matter,Get irritated but stay silent,"Yes , complete darkness",No,Yes,Sleep Schedule,,
2/25/2026 15:04:45,I consent to my anonymized responses being used for academic research and machine learning-based roommate matching.,20,Male,2,CSE,12 am to 2 am,After 10 am,Average,Complete Silence,Frequently,Yes,Yes,No,Moderate,0-2,Flexible,4,3,5,1,1,3,Late Sleeper,Respect space mostly,Very Clean,Get irritated but stay silent,"Yes , complete darkness",No,Yes,"Lifestyle Habits ( Smoking, Drinking, Guests, etc.)",,
2/25/2026 15:06:59,I consent to my anonymized responses being used for academic research and machine learning-based roommate matching.,19,Male,2,CSE,12 am to 2 am,8-10 am,Very Clean,Complete Silence,Rarely,No,No,No,Moderate,0-2,Semi Organized,3,3,3,5,5,5,Does not matter,Be very interactive,Very Clean,Talk directly and resolve,"Yes , complete darkness",No,Yes,Cleanliness,,
2/25/2026 15:18:00,I consent to my anonymized responses being used for academic research and machine learning-based roommate matching.,20,Female,3,CSE,12 am to 2 am,6-8 am,Moderately Clean,Light Background Noise,Rarely,No,No,No,Moderate,2-4,Flexible,5,1,1,5,1,4,Does not matter,Be very interactive,Moderate,Talk directly and resolve,"Yes , complete darkness",Yes,Yes,"Lifestyle Habits ( Smoking, Drinking, Guests, etc.)",,
2/25/2026 15:44:04,I consent to my anonymized responses being used for academic research and machine learning-based roommate matching.,19,Male,2,CSE,10 pm to 12 am,Before 6 am,Very Clean,Complete Silence,Rarely,No,No,Yes,Moderate,2-4,Highly Organized,1,5,5,5,4,3,Does not matter,Be very interactive,Very Clean,Get irritated but stay silent,Dim light is fine,No,Yes,Study habits,,
2/25/2026 15:49:38,I consent to my anonymized responses being used for academic research and machine learning-based roommate matching.,20,Male,2,CSE,12 am to 2 am,6-8 am,Average,Does not matter,Occasionally,No,Yes,No,Moderate,2-4,Flexible,4,1,5,1,3,1,Does not matter,Minimal interaction,Moderate,Talk directly and resolve,"Yes , complete darkness",No,No,Personality,,
2/25/2026 15:51:05,I consent to my anonymized responses being used for academic research and machine learning-based roommate matching.,19,Male,3,CSE,12 am to 2 am,6-8 am,Moderately Clean,Light Background Noise,Occasionally,No,Occasionally,Yes,Moderate,0-2,Highly Organized,4,4,3,4,3,3,Early Sleeper,Be moderately social,Moderate,Avoid confrontation,Dim light is fine,Yes,Yes,Personality,,
2/25/2026 16:45:30,I consent to my anonymized responses being used for academic research and machine learning-based roommate matching.,19,Female,1,RNA,12 am to 2 am,6-8 am,Moderately Clean,Light Background Noise,Rarely,No,No,Yes,Moderate,2-4,Semi Organized,3,1,2,5,4,2,Early Sleeper,Respect space mostly,Moderate,Get irritated but stay silent,"Yes , complete darkness",No,Rarely,Sleep Schedule,,
2/25/2026 17:25:00,I consent to my anonymized responses being used for academic research and machine learning-based roommate matching.,20,Female,3,CSE,10 pm to 12 am,8-10 am,Average,Light Background Noise,Frequently,No,No,No,Cold,0-2,Flexible,3,2,5,4,2,4,Late Sleeper,Be moderately social,Moderate,Get irritated but stay silent,"Yes , complete darkness",Yes,Yes,Personality,,
2/25/2026 18:23:40,I consent to my anonymized responses being used for academic research and machine learning-based roommate matching.,19,Male,2,CSE,12 am to 2 am,8-10 am,Very Clean,Does not matter,Occasionally,No,Occasionally,No,Moderate,0-2,Semi Organized,2,5,5,5,5,2,Does not matter,Be moderately social,Moderate,Get irritated but stay silent,Dim light is fine,No,Yes,"Lifestyle Habits ( Smoking, Drinking, Guests, etc.)",,
2/25/2026 18:32:03,I consent to my anonymized responses being used for academic research and machine learning-based roommate matching.,20,Male,2,CSE,Before 10 pm,Before 6 am,Moderately Clean,Complete Silence,Rarely,No,No,Yes,Moderate,0-2,Semi Organized,1,5,5,5,3,1,Early Sleeper,Respect space mostly,Moderate,Talk directly and resolve,"Yes , complete darkness",No,No,Sleep Schedule,,
2/25/2026 18:44:00,I consent to my anonymized responses being used for academic research and machine learning-based roommate matching.,18,Female,1,RNA,Before 10 pm,Before 6 am,Moderately Clean,Complete Silence,Occasionally,No,No,No,Moderate,0-2,Highly Organized,2,3,4,4,4,2,Late Sleeper,Respect space mostly,Very Clean,Get irritated but stay silent,"Yes , complete darkness",No,No,Personality,,
2/25/2026 18:46:41,I consent to my anonymized responses being used for academic research and machine learning-based roommate matching.,18,Male,1,RNA,10 pm to 12 am,Before 6 am,Moderately Clean,Music While Studying,Weekly,No,No,Yes,Moderate,2-4,Semi Organized,3,2,2,4,3,3,Does not matter,Be very interactive,Very Clean,Avoid confrontation,Doesn’t matter,Occasionally,No,"Lifestyle Habits ( Smoking, Drinking, Guests, etc.)",,
2/25/2026 18:47:41,I consent to my anonymized responses being used for academic research and machine learning-based roommate matching.,18,Female,1,RNA,Before 10 pm,Before 6 am,Moderately Clean,Complete Silence,Occasionally,No,No,No,Moderate,2-4,Semi Organized,3,4,4,3,3,2,Early Sleeper,Be moderately social,Moderate,Talk directly and resolve,Dim light is fine,Yes,No,Personality,,
2/25/2026 18:48:28,I consent to my anonymized responses being used for academic research and machine learning-based roommate matching.,18,Male,1,RNA,12 am to 2 am,8-10 am,Moderately Clean,Light Background Noise,Frequently,No,No,No,Moderate,2-4,Flexible,3,4,2,4,1,4,Does not matter,Be moderately social,Moderate,Talk directly and resolve,Dim light is fine,No,Yes,"Lifestyle Habits ( Smoking, Drinking, Guests, etc.)",,
2/25/2026 19:18:30,I consent to my anonymized responses being used for academic research and machine learning-based roommate matching.,20,Male,2,CSE,After 2 am,8-10 am,Very Clean,Music While Studying,Rarely,No,No,Yes,Moderate,0-2,Highly Organized,3,1,4,1,1,1,Does not matter,Respect space mostly,Very Clean,Talk directly and resolve,Doesn’t matter,Yes,Yes,Cleanliness,,
2/25/2026 19:25:19,I consent to my anonymized responses being used for academic research and machine learning-based roommate matching.,21,Male,3,CSE,12 am to 2 am,6-8 am,Very Clean,Complete Silence,Occasionally,No,No,No,Moderate,2-4,Semi Organized,2,3,3,1,2,2,Does not matter,Be moderately social,Very Clean,Talk directly and resolve,Dim light is fine,No,Rarely,Cleanliness,,
2/25/2026 20:07:21,I consent to my anonymized responses being used for academic research and machine learning-based roommate matching.,21,Male,4,CSE,12 am to 2 am,6-8 am,Very Clean,Complete Silence,Rarely,No,No,Yes,Moderate,0-2,Highly Organized,1,2,4,5,3,1,Early Sleeper,Be moderately social,Very Clean,Get irritated but stay silent,"Yes , complete darkness",Yes,Rarely,"Lifestyle Habits ( Smoking, Drinking, Guests, etc.)",,
2/25/2026 20:29:42,I consent to my anonymized responses being used for academic research and machine learning-based roommate matching.,18,Female,1,CSE,12 am to 2 am,6-8 am,Moderately Clean,Music While Studying,Rarely,No,No,Yes,Moderate,2-4,Semi Organized,2,3,4,4,4,4,Does not matter,Be very interactive,Moderate,Get irritated but stay silent,Dim light is fine,Yes,Yes,Personality,,
2/25/2026 22:35:44,I consent to my anonymized responses being used for academic research and machine learning-based roommate matching.,19,Female,1,RNA,12 am to 2 am,6-8 am,Moderately Clean,Does not matter,Rarely,No,No,Yes,Cold,2-4,Highly Organized,3,5,2,5,3,3,Does not matter,Be moderately social,Very Clean,Talk directly and resolve,Doesn’t matter,Occasionally,Yes,Personality,,
2/26/2026 11:02:50,I consent to my anonymized responses being used for academic research and machine learning-based roommate matching.,19,Male,1,RNA,After 2 am,8-10 am,Moderately Clean,Complete Silence,Rarely,No,No,Yes,Moderate,2-4,Semi Organized,3,3,2,5,5,5,Does not matter,Be moderately social,Very Clean,Talk directly and resolve,Doesn’t matter,Yes,Yes,"Lifestyle Habits ( Smoking, Drinking, Guests, etc.)",,
2/26/2026 13:45:15,I consent to my anonymized responses being used for academic research and machine learning-based roommate matching.,21,Male,3,CSE,After 2 am,Before 6 am,Messy,Complete Silence,Frequently,Yes,Yes,Yes,Warm,6+,Highly Organized,5,5,5,1,3,1,Early Sleeper,Minimal interaction,Does not matter,Seek third-person help,"Yes , complete darkness",No,Yes,Personality,,
2/26/2026 13:50:10,I consent to my anonymized responses being used for academic research and machine learning-based roommate matching.,21,Male,4,CSE,After 2 am,8-10 am,Moderately Clean,Does not matter,Frequently,Yes,Occasionally,No,Moderate,0-2,Semi Organized,3,3,4,5,2,4,Does not matter,Be very interactive,Very Clean,Talk directly and resolve,Doesn’t matter,Occasionally,Yes,Personality,,
2/26/2026 19:47:53,I consent to my anonymized responses being used for academic research and machine learning-based roommate matching.,19,Male,2,RNA,After 2 am,6-8 am,Average,Complete Silence,Rarely,Yes,Yes,,Moderate,2-4,Highly Organized,3,5,5,5,3,3,Does not matter,Be moderately social,Does not matter,Talk directly and resolve,Doesn’t matter,Yes,Yes,Personality,,
2/26/2026 19:48:38,I consent to my anonymized responses being used for academic research and machine learning-based roommate matching.,19,Male,2,RNA,12 am to 2 am,6-8 am,Moderately Clean,Complete Silence,Rarely,No,No,Yes,Moderate,2-4,Semi Organized,2,1,4,3,3,2,Does not matter,Be moderately social,Moderate,Talk directly and resolve,Dim light is fine,Yes,Rarely,"Lifestyle Habits ( Smoking, Drinking, Guests, etc.)",,
2/26/2026 19:48:46,I consent to my anonymized responses being used for academic research and machine learning-based roommate matching.,20,Male,2,RNA,10 pm to 12 am,6-8 am,Very Clean,Complete Silence,Rarely,No,No,No,Moderate,4-6,Semi Organized,1,3,3,4,5,3,Early Sleeper,Be moderately social,Moderate,Talk directly and resolve,"Yes , complete darkness",No,No,"Lifestyle Habits ( Smoking, Drinking, Guests, etc.)",,
2/26/2026 22:25:37,I consent to my anonymized responses being used for academic research and machine learning-based roommate matching.,20,Female,2,RNA,12 am to 2 am,6-8 am,Moderately Clean,Does not matter,Occasionally,No,No,No,Moderate,0-2,Semi Organized,5,3,3,5,3,1,Does not matter,Be moderately social,Very Clean,Avoid confrontation,Doesn’t matter,Yes,Yes,Personality,,
2/26/2026 23:48:39,I consent to my anonymized responses being used for academic research and machine learning-based roommate matching.,19,Male,2,CSE,12 am to 2 am,8-10 am,Average,Music While Studying,Weekly,No,No,Yes,Moderate,0-2,Semi Organized,2,3,4,5,3,4,Does not matter,Be very interactive,Moderate,Talk directly and resolve,Doesn’t matter,Yes,Yes,Personality,,
2/27/2026 10:51:35,I consent to my anonymized responses being used for academic research and machine learning-based roommate matching.,18,Female,1,RNA,12 am to 2 am,8-10 am,Moderately Clean,Does not matter,Rarely,No,Occasionally,Yes,Warm,0-2,Semi Organized,3,3,2,5,3,2,Does not matter,Be moderately social,Moderate,Talk directly and resolve,Dim light is fine,No,Yes,"Lifestyle Habits ( Smoking, Drinking, Guests, etc.)",,
2/27/2026 10:56:16,I consent to my anonymized responses being used for academic research and machine learning-based roommate matching.,18,Male,1,RNA,10 pm to 12 am,6-8 am,Moderately Clean,Complete Silence,Weekly,No,No,Yes,Cold,0-2,Semi Organized,2,3,3,2,4,4,Does not matter,Be moderately social,Moderate,Talk directly and resolve,"Yes , complete darkness",Occasionally,Rarely,"Lifestyle Habits ( Smoking, Drinking, Guests, etc.)",,
2/27/2026 11:45:29,I consent to my anonymized responses being used for academic research and machine learning-based roommate matching.,19,Male,1,RNA,12 am to 2 am,6-8 am,Moderately Clean,Complete Silence,Rarely,No,No,Yes,Cold,2-4,Semi Organized,2,5,3,4,3,4,Does not matter,Be moderately social,Moderate,Talk directly and resolve,Doesn’t matter,Yes,No,Personality,,
2/27/2026 15:46:28,I consent to my anonymized responses being used for academic research and machine learning-based roommate matching.,21,Male,3,ENTC,After 2 am,Before 6 am,Very Clean,Complete Silence,Rarely,Yes,Yes,No,Cold,6+,Random,1,5,5,1,5,1,Does not matter,Minimal interaction,Very Clean,Get irritated but stay silent,"Yes , complete darkness",Yes,Yes,Sleep Schedule,,
2/27/2026 15:59:02,I consent to my anonymized responses being used for academic research and machine learning-based roommate matching.,18,Male,1,RNA,10 pm to 12 am,6-8 am,Moderately Clean,Complete Silence,Occasionally,No,No,No,Moderate,2-4,Semi Organized,2,3,4,3,3,3,Early Sleeper,Be moderately social,Moderate,Talk directly and resolve,Dim light is fine,Occasionally,Rarely,Sleep Schedule,,
2/27/2026 16:22:26,I consent to my anonymized responses being used for academic research and machine learning-based roommate matching.,20,Female,3,ENTC,10 pm to 12 am,8-10 am,Messy,Does not matter,Frequently,No,No,No,Moderate,0-2,Random,4,2,3,4,1,5,Does not matter,Be moderately social,Moderate,Talk directly and resolve,Doesn’t matter,Yes,Yes,Personality,,
2/28/2026 2:58:23,I consent to my anonymized responses being used for academic research and machine learning-based roommate matching.,19,Male,3,RNA,After 2 am,6-8 am,Very Clean,Complete Silence,Frequently,Yes,Occasionally,No,Cold,0-2,Semi Organized,3,3,2,5,4,2,Does not matter,Be very interactive,Very Clean,Talk directly and resolve,"Yes , complete darkness",Occasionally,Yes,"Lifestyle Habits ( Smoking, Drinking, Guests, etc.)",,
2/28/2026 13:44:48,I consent to my anonymized responses being used for academic research and machine learning-based roommate matching.,19,Female,1,CSE,10 pm to 12 am,6-8 am,Moderately Clean,Complete Silence,Occasionally,No,No,Yes,Moderate,2-4,Semi Organized,2,4,3,4,4,4,Early Sleeper,Be moderately social,Very Clean,Get irritated but stay silent,"Yes , complete darkness",No,No,Sleep Schedule,,
3/1/2026 0:28:51,I consent to my anonymized responses being used for academic research and machine learning-based roommate matching.,23,Female,2,CIVIL,12 am to 2 am,Before 6 am,Moderately Clean,Complete Silence,Frequently,No,No,Yes,Moderate,0-2,Highly Organized,3,3,4,5,5,3,Early Sleeper,Respect space mostly,Very Clean,Avoid confrontation,Dim light is fine,Yes,No,Cleanliness,,
3/4/2026 21:39:14,I consent to my anonymized responses being used for academic research and machine learning-based roommate matching.,18,Male,1,CSE,12 am to 2 am,6-8 am,Moderately Clean,Music While Studying,Occasionally,No,No,No,Moderate,2-4,Semi Organized,2,3,4,4,2,3,Does not matter,Respect space mostly,Moderate,Talk directly and resolve,Dim light is fine,Yes,Yes,"Lifestyle Habits ( Smoking, Drinking, Guests, etc.)",,
3/4/2026 21:39:20,I consent to my anonymized responses being used for academic research and machine learning-based roommate matching.,20,Male,4,CSE,10 pm to 12 am,6-8 am,Moderately Clean,Complete Silence,Frequently,No,No,Yes,Moderate,2-4,Semi Organized,3,2,3,4,1,1,Does not matter,Be very interactive,Moderate,Talk directly and resolve,Dim light is fine,No,Rarely,Personality,,
3/4/2026 21:39:56,I consent to my anonymized responses being used for academic research and machine learning-based roommate matching.,20,Male,1,CSE,10 pm to 12 am,6-8 am,Moderately Clean,Does not matter,Rarely,No,No,Yes,Warm,2-4,Flexible,3,5,3,5,1,3,Does not matter,Be moderately social,Very Clean,Get irritated but stay silent,"Yes , complete darkness",Yes,Yes,Personality,,
3/4/2026 21:42:55,I consent to my anonymized responses being used for academic research and machine learning-based roommate matching.,21,Male,1,CSE,12 am to 2 am,6-8 am,Moderately Clean,Does not matter,Occasionally,No,No,Yes,Moderate,2-4,Semi Organized,3,3,1,5,5,1,Does not matter,Be moderately social,Very Clean,Talk directly and resolve,Dim light is fine,No,Yes,Cleanliness,,
3/4/2026 21:43:07,I consent to my anonymized responses being used for academic research and machine learning-based roommate matching.,19,Male,1,CSE,After 2 am,After 10 am,Average,Does not matter,Occasionally,No,No,No,Moderate,0-2,Flexible,3,1,3,5,3,4,Does not matter,Respect space mostly,Moderate,Talk directly and resolve,Dim light is fine,No,Yes,Personality,,
3/4/2026 21:44:28,I consent to my anonymized responses being used for academic research and machine learning-based roommate matching.,20,Male,1,CSE,12 am to 2 am,8-10 am,Average,Complete Silence,Weekly,No,No,No,Moderate,2-4,Semi Organized,2,4,3,5,4,3,Does not matter,Be moderately social,Moderate,Talk directly and resolve,Dim light is fine,No,Yes,"Lifestyle Habits ( Smoking, Drinking, Guests, etc.)",,
3/4/2026 21:49:10,I consent to my anonymized responses being used for academic research and machine learning-based roommate matching.,19,Male,1,CSE,12 am to 2 am,6-8 am,Average,Complete Silence,Rarely,No,No,No,Moderate,0-2,Semi Organized,3,4,4,5,3,4,Early Sleeper,Be moderately social,Moderate,Talk directly and resolve,"Yes , complete darkness",Occasionally,Rarely,Personality,,
3/4/2026 21:49:11,I consent to my anonymized responses being used for academic research and machine learning-based roommate matching.,19,Male,1,CSE,12 am to 2 am,8-10 am,Moderately Clean,Does not matter,Frequently,No,No,Yes,Moderate,0-2,Highly Organized,4,4,3,5,5,4,Does not matter,Be very interactive,Very Clean,Talk directly and resolve,Doesn’t matter,Yes,Yes,"Lifestyle Habits ( Smoking, Drinking, Guests, etc.)",,
3/4/2026 23:27:37,I consent to my anonymized responses being used for academic research and machine learning-based roommate matching.,20,Male,1,CSE,12 am to 2 am,8-10 am,Moderately Clean,Music While Studying,Frequently,No,No,No,Moderate,0-2,Flexible,3,5,1,5,1,5,Does not matter,Be moderately social,Moderate,Talk directly and resolve,Doesn’t matter,Occasionally,Yes,"Lifestyle Habits ( Smoking, Drinking, Guests, etc.)",,
3/7/2026 18:08:15,I consent to my anonymized responses being used for academic research and machine learning-based roommate matching.,20,Male,3,CSE,12 am to 2 am,6-8 am,Average,Does not matter,Rarely,No,No,No,Moderate,0-2,Flexible,4,3,2,4,4,4,Does not matter,Be moderately social,Does not matter,Talk directly and resolve,Doesn’t matter,Occasionally,Rarely,Personality,,
3/7/2026 18:13:29,I consent to my anonymized responses being used for academic research and machine learning-based roommate matching.,18,Male,1,CSE,10 pm to 12 am,Before 6 am,Moderately Clean,Music While Studying,Rarely,No,No,No,Moderate,2-4,Semi Organized,1,3,4,5,5,3,Does not matter,Be moderately social,Moderate,Talk directly and resolve,Dim light is fine,Yes,Rarely,"Lifestyle Habits ( Smoking, Drinking, Guests, etc.)",,
3/7/2026 18:18:06,I consent to my anonymized responses being used for academic research and machine learning-based roommate matching.,18,Male,1,CSE,12 am to 2 am,6-8 am,Moderately Clean,Does not matter,Rarely,No,No,Yes,Cold,4-6,Flexible,4,5,3,5,3,4,Does not matter,Respect space mostly,Moderate,Talk directly and resolve,Dim light is fine,Yes,Yes,"Lifestyle Habits ( Smoking, Drinking, Guests, etc.)",,
3/7/2026 18:27:10,I consent to my anonymized responses being used for academic research and machine learning-based roommate matching.,18,Male,1,CSE,12 am to 2 am,6-8 am,Moderately Clean,Light Background Noise,Weekly,No,No,Yes,Moderate,0-2,Flexible,2,2,2,5,3,3,Does not matter,Be moderately social,Moderate,Talk directly and resolve,Dim light is fine,No,Yes,"Lifestyle Habits ( Smoking, Drinking, Guests, etc.)",,
3/7/2026 19:07:07,I consent to my anonymized responses being used for academic research and machine learning-based roommate matching.,19,Male,1,CSE,12 am to 2 am,6-8 am,Moderately Clean,Complete Silence,Occasionally,No,No,Yes,Moderate,4-6,Semi Organized,4,4,2,5,4,4,Does not matter,Respect space mostly,Moderate,Talk directly and resolve,Dim light is fine,No,Yes,"Lifestyle Habits ( Smoking, Drinking, Guests, etc.)",,
3/7/2026 19:40:56,I consent to my anonymized responses being used for academic research and machine learning-based roommate matching.,18,Female,1,AIML,10 pm to 12 am,6-8 am,Moderately Clean,Music While Studying,Frequently,No,Occasionally,Yes,Moderate,2-4,Highly Organized,3,1,4,4,3,4,Early Sleeper,Be very interactive,Moderate,Talk directly and resolve,"Yes , complete darkness",No,Rarely,"Lifestyle Habits ( Smoking, Drinking, Guests, etc.)",,
3/7/2026 19:40:58,I consent to my anonymized responses being used for academic research and machine learning-based roommate matching.,19,Male,1,CSE,After 2 am,8-10 am,Moderately Clean,Light Background Noise,Weekly,No,No,No,Cold,0-2,Highly Organized,2,3,2,4,3,2,Does not matter,Be very interactive,Moderate,Get irritated but stay silent,Doesn’t matter,Yes,Rarely,Personality,,
3/7/2026 19:59:36,I consent to my anonymized responses being used for academic research and machine learning-based roommate matching.,20,Male,3,CSE,After 2 am,6-8 am,Moderately Clean,Does not matter,Frequently,No,Yes,Yes,Cold,0-2,Highly Organized,3,1,1,5,1,5,Late Sleeper,Be very interactive,Does not matter,Talk directly and resolve,Doesn’t matter,No,Yes,Personality,,
3/7/2026 20:17:13,I consent to my anonymized responses being used for academic research and machine learning-based roommate matching.,19,Male,1,CSE,12 am to 2 am,6-8 am,Moderately Clean,Complete Silence,Occasionally,No,No,No,Moderate,0-2,Semi Organized,3,1,3,1,3,4,Does not matter,Be very interactive,Moderate,Talk directly and resolve,Dim light is fine,Occasionally,Rarely,"Lifestyle Habits ( Smoking, Drinking, Guests, etc.)",,
3/7/2026 20:52:45,I consent to my anonymized responses being used for academic research and machine learning-based roommate matching.,20,Male,2,CSE,10 pm to 12 am,8-10 am,Moderately Clean,Music While Studying,Weekly,No,No,No,Cold,2-4,Semi Organized,3,2,1,5,3,4,Does not matter,Be moderately social,Moderate,Talk directly and resolve,"Yes , complete darkness",No,Rarely,Personality,,
3/17/2026 19:38:30,I consent to my anonymized responses being used for academic research and machine learning-based roommate matching.,19,Female,2,AIML,12 am to 2 am,8-10 am,Moderately Clean,Music While Studying,Frequently,No,Occasionally,No,Moderate,0-2,Semi Organized,2,1,4,4,1,5,Late Sleeper,Be very interactive,Moderate,Talk directly and resolve,Doesn’t matter,Occasionally,Yes,Personality,,
3/23/2026 0:54:11,I consent to my anonymized responses being used for academic research and machine learning-based roommate matching.,21,Female,2,AIML,Before 10 pm,6-8 am,Moderately Clean,Music While Studying,Occasionally,No,No,Yes,Moderate,2-4,Semi Organized,4,5,3,5,4,4,Does not matter,Be moderately social,Moderate,Get irritated but stay silent,Dim light is fine,Yes,Yes,Sleep Schedule,,
3/23/2026 8:53:31,I consent to my anonymized responses being used for academic research and machine learning-based roommate matching.,19,Female,2,RNA,12 am to 2 am,6-8 am,Moderately Clean,Light Background Noise,Occasionally,No,No,Yes,Moderate,2-4,Semi Organized,4,4,3,4,4,4,Does not matter,Be moderately social,Does not matter,Avoid confrontation,Dim light is fine,Occasionally,Rarely,"Lifestyle Habits ( Smoking, Drinking, Guests, etc.)",,
3/23/2026 18:15:51,I consent to my anonymized responses being used for academic research and machine learning-based roommate matching.,18,Male,1,CSE,12 am to 2 am,6-8 am,Moderately Clean,Light Background Noise,Occasionally,No,No,Yes,Moderate,2-4,Semi Organized,4,4,2,4,3,4,Late Sleeper,Be very interactive,Moderate,Talk directly and resolve,Dim light is fine,Yes,Yes,"Lifestyle Habits ( Smoking, Drinking, Guests, etc.)",,
3/23/2026 18:57:10,I consent to my anonymized responses being used for academic research and machine learning-based roommate matching.,18,Male,1,AIML,10 pm to 12 am,6-8 am,Moderately Clean,Complete Silence,Rarely,No,No,Yes,Moderate,2-4,Semi Organized,2,3,3,5,1,5,Does not matter,Be very interactive,Moderate,Talk directly and resolve,Dim light is fine,No,Rarely,Personality,,
4/2/2026 23:47:14,I consent to my anonymized responses being used for academic research and machine learning-based roommate matching.,20,Female,2,CSE,10 pm to 12 am,6-8 am,Moderately Clean,Does not matter,Rarely,No,No,Yes,Moderate,2-4,Flexible,4,4,4,4,4,4,Does not matter,Be moderately social,Does not matter,Avoid confrontation,Doesn’t matter,Yes,Yes,Study habits,,
